frameIndex,renderDurationMs,heapUsedMB,rssMB
0,67,7.59,84.71
1,52,7.91,93.04
2,62,8.26,101.33
3,63,8.59,109.82
4,55,8.73,118.10
5,48,8.85,125.61
6,49,9.00,134.02
7,61,9.11,142.23
8,54,9.23,150.07
9,54,7.40,102.61
10,49,7.51,110.52
11,52,7.61,118.75
12,60,7.71,126.49
13,53,7.82,134.64
14,57,7.92,142.56
15,51,8.03,150.48
16,51,8.13,158.39
17,57,8.24,166.34
18,55,7.45,103.03
19,94,7.55,111.08
20,117,7.65,119.00
21,66,7.77,126.63
22,62,7.86,134.78
23,68,7.95,142.73
24,70,8.04,150.64
25,61,8.13,158.56
26,49,8.22,166.50
27,50,7.43,103.19
28,60,7.52,111.11
29,49,7.61,119.03
30,75,7.70,126.95
31,68,7.79,134.86
32,54,7.87,142.77
33,49,7.96,150.69
34,48,8.05,158.61
35,65,8.14,166.52
36,56,7.44,103.21
37,47,7.52,110.75
38,70,7.61,118.66
39,60,7.70,126.58
40,52,7.79,134.66
41,59,7.88,142.64
42,61,7.96,150.56
43,60,8.05,158.56
44,54,8.15,166.19
45,59,6.58,102.89
46,49,6.67,110.81
47,48,6.76,118.90
48,88,6.85,126.81
49,83,6.94,134.73
50,80,7.02,142.64
51,100,7.11,150.56
52,53,7.22,158.49
53,50,7.31,166.40
54,51,6.50,102.67
55,48,6.59,110.62
56,81,6.68,118.61
57,63,6.76,126.52
58,65,6.85,134.44
59,107,6.94,142.36
60,69,7.03,150.27
61,48,7.12,158.18
62,53,7.21,166.16
63,52,6.49,102.85
64,54,6.57,110.77
65,54,6.65,118.68
66,73,6.73,126.60
67,66,6.81,134.52
68,72,6.89,142.43
69,53,6.97,150.34
70,47,7.05,158.26
71,49,7.13,166.17
72,50,6.49,102.86
73,50,6.57,110.77
74,52,6.65,118.69
75,48,6.73,126.60
76,46,6.81,134.52
77,47,6.89,142.43
78,54,6.97,150.34
79,47,7.05,158.51
80,47,7.13,166.43
81,48,6.49,103.12
82,56,6.57,111.03
83,54,6.65,118.95
84,51,6.73,126.86
85,49,6.81,134.78
86,67,6.90,142.69
87,59,6.98,150.61
88,48,7.06,158.52
89,50,7.14,166.43
90,50,6.49,103.13
91,48,6.57,111.04
92,52,6.65,118.96
93,51,6.74,126.87
94,49,6.82,134.79
95,82,6.90,142.70
96,65,6.98,150.62
97,47,7.06,158.53
98,50,7.14,166.45
99,49,6.50,103.13
100,49,6.58,111.05
101,49,6.67,118.90
102,48,6.75,126.82
103,48,6.83,134.73
104,54,6.91,142.67
105,53,6.99,150.59
106,54,7.07,158.50
107,47,7.15,166.43
108,49,6.51,103.12
109,47,6.59,111.04
110,46,6.67,118.95
111,47,6.79,126.64
112,53,6.88,134.63
113,47,6.97,142.55
114,100,7.06,150.46
115,96,7.14,158.38
116,49,7.23,166.31
117,65,6.54,103.01
118,74,6.63,111.01
119,72,6.72,118.93
120,69,6.81,126.84
121,62,6.90,134.75
122,48,6.99,142.67
123,56,7.07,150.58
124,48,7.16,158.50
125,50,7.25,166.45
126,48,6.55,103.13
127,51,6.64,111.05
128,84,6.72,118.97
129,76,6.81,126.88
130,68,6.90,134.80
131,86,6.99,142.71
132,59,7.07,150.63
133,52,7.16,158.54
134,55,7.25,166.45
135,60,6.55,103.14
136,53,6.64,111.14
137,46,6.72,119.05
138,49,6.81,126.97
139,69,6.90,134.88
140,54,6.99,142.80
141,48,7.08,150.71
142,46,7.17,158.63
143,50,7.25,166.54
144,50,6.55,103.27
145,66,6.64,111.18
146,52,6.73,119.09
147,61,6.81,127.01
148,62,6.90,134.92
149,64,6.99,142.84
150,60,7.08,150.75
151,82,7.17,158.66
152,50,7.25,166.58
153,60,6.55,103.33
154,50,6.64,111.24
155,46,6.73,119.16
156,72,6.81,127.07
157,92,6.90,134.98
158,96,6.99,142.90
159,155,7.08,150.81
160,49,7.17,158.73
161,55,7.25,166.64
162,57,6.55,103.33
163,56,6.64,111.24
164,64,6.73,119.16
165,83,6.82,127.09
166,62,6.91,135.00
167,62,7.00,142.92
168,54,7.09,150.83
169,53,7.17,158.75
170,55,7.26,166.66
171,53,6.56,103.35
172,63,6.65,111.26
173,55,6.73,119.18
174,54,6.82,127.09
175,57,6.91,135.00
176,66,7.00,142.92
177,48,7.09,150.83
178,51,7.17,158.75
179,52,7.26,166.66
180,55,6.56,103.35
181,64,6.65,111.26
182,56,6.74,119.18
183,50,6.82,127.09
184,59,6.91,135.00
185,62,7.00,142.92
186,53,7.09,150.83
187,50,7.17,158.75
188,54,7.26,166.66
189,51,6.56,103.35
190,54,6.65,111.26
191,50,6.74,119.18
192,49,6.82,127.09
193,52,6.91,135.00
194,50,7.00,142.92
195,69,7.09,150.83
196,55,7.18,158.75
197,52,7.26,166.66
198,54,6.56,102.99
199,55,6.65,110.93
200,68,6.76,118.90
201,77,6.84,126.82
202,73,6.93,134.73
203,68,7.02,142.64
204,55,7.11,150.56
205,57,7.20,158.47
206,59,7.28,166.40
207,66,6.58,103.09
208,58,6.67,111.00
209,50,6.75,118.92
210,50,6.84,126.83
211,56,6.93,134.75
212,49,7.02,142.66
213,48,7.11,150.57
214,51,7.19,158.49
215,75,7.28,166.41
216,60,6.58,103.09
217,72,6.67,111.01
218,52,6.76,118.92
219,54,6.84,126.84
220,68,6.93,134.75
221,55,7.02,142.66
222,59,7.11,150.58
223,52,7.19,158.49
224,65,7.28,166.41
225,58,6.58,103.09
226,55,6.67,111.01
227,55,6.76,118.92
228,54,6.85,126.84
229,75,6.93,134.75
230,55,7.02,142.66
231,54,7.11,150.58
232,54,7.20,158.49
233,59,7.29,166.41
234,55,6.58,103.09
235,54,6.67,111.01
236,55,6.76,118.92
237,64,6.85,126.84
238,66,6.94,134.75
239,81,7.02,142.66
240,86,7.11,150.58
241,70,7.20,158.49
242,66,7.29,166.41
243,118,6.58,103.09
244,143,6.67,111.01
245,62,6.76,118.92
246,75,6.85,126.84
247,52,6.94,134.75
248,62,7.02,142.68
249,57,7.11,150.59
250,83,7.20,158.50
251,61,7.29,166.42
252,57,6.58,103.29
253,59,6.67,111.20
254,64,6.76,119.12
255,56,6.86,127.04
256,50,6.94,134.95
257,52,7.03,142.86
258,54,7.12,150.78
259,65,7.21,158.69
260,56,7.29,166.61
261,54,6.59,103.29
262,51,6.68,111.21
263,59,6.77,119.12
264,52,6.85,127.04
265,50,6.94,134.95
266,53,7.03,142.86
267,51,7.12,150.78
268,56,7.20,158.69
269,53,7.29,166.61
270,53,6.59,103.29
271,52,6.68,111.21
272,51,6.77,119.12
273,60,6.86,127.04
274,54,6.94,134.95
275,54,7.03,142.86
276,56,7.12,150.78
277,69,7.21,158.69
278,56,7.29,166.61
279,58,6.59,103.29
280,53,6.68,111.21
281,59,6.77,119.12
282,49,6.86,127.04
283,49,6.94,134.95
284,52,7.03,142.86
285,54,7.12,150.78
286,62,7.21,158.69
287,53,7.29,166.61
288,54,6.60,103.29
289,52,6.68,111.21
290,50,6.77,119.12
291,61,6.86,127.04
292,52,6.95,134.95
293,52,7.03,142.87
294,63,7.12,150.78
295,68,7.21,158.70
296,54,7.30,166.61
297,58,6.60,103.30
298,58,6.68,111.21
299,57,6.77,119.13
300,70,6.86,127.04
301,54,6.95,134.95
302,56,7.03,142.87
303,52,7.12,150.78
304,63,7.21,158.70
305,53,7.30,166.61
306,51,6.60,103.30
307,50,6.68,111.21
308,55,6.77,119.13
309,59,6.86,127.04
310,52,6.95,134.95
311,51,7.03,142.87
312,50,7.12,150.78
313,60,7.21,158.70
314,48,7.30,166.61
315,52,6.60,103.30
316,46,6.69,111.21
317,50,6.77,119.13
318,54,6.86,127.04
319,49,6.95,134.95
320,51,7.04,142.87
321,49,7.12,150.78
322,49,7.21,158.70
323,64,7.30,166.61
324,52,6.60,103.30
325,50,6.69,111.21
326,48,6.77,119.13
327,48,6.86,127.04
328,55,6.95,134.95
329,52,7.04,142.87
330,52,7.12,150.78
331,53,7.21,158.70
332,58,7.30,166.61
333,67,6.60,103.30
334,59,6.69,111.21
335,49,6.78,119.13
336,48,6.86,127.04
337,51,6.95,134.95
338,47,7.04,142.87
339,49,7.12,150.78
340,52,7.21,158.70
341,53,7.30,166.61
342,66,6.60,103.30
343,49,6.69,111.21
344,52,6.78,119.13
345,51,6.86,127.04
346,49,6.95,134.95
347,54,7.04,142.87
348,49,7.13,150.78
349,51,7.21,158.70
350,49,7.30,166.61
351,51,6.60,102.85
352,57,6.69,110.77
353,49,6.78,118.68
354,57,6.86,126.59
355,60,6.95,134.51
356,60,7.04,142.42
357,56,7.13,150.34
358,55,7.21,158.25
359,53,7.31,166.29
360,51,6.60,102.98
361,66,6.69,110.89
362,55,6.78,118.84
363,64,6.87,126.76
364,50,6.95,134.67
365,53,7.04,142.59
366,49,7.13,150.50
367,49,7.22,158.41
368,50,7.30,166.36
369,68,6.60,103.05
370,60,6.69,110.96
371,57,6.78,118.88
372,61,6.87,126.79
373,56,6.96,134.71
374,62,7.05,142.62
375,65,7.13,150.54
376,69,7.22,158.45
377,68,7.31,166.38
378,83,6.61,103.07
379,92,6.69,110.98
380,78,6.78,118.90
381,85,6.87,126.81
382,78,6.96,134.73
383,65,7.04,142.64
384,68,7.13,150.55
385,70,7.22,158.47
386,59,7.31,166.38
387,64,6.61,103.07
388,61,6.70,110.98
389,52,6.78,118.90
390,55,6.87,126.81
391,52,6.96,134.73
392,52,7.04,142.64
393,61,7.13,150.55
394,51,7.22,158.48
395,52,7.31,166.41
396,54,6.61,103.10
397,61,6.70,111.01
398,49,6.78,118.94
399,47,6.87,126.85
400,50,6.97,134.78
401,52,7.06,142.69
402,62,7.15,150.61
403,56,7.24,158.52
404,67,7.32,166.56
405,77,6.62,103.25
406,89,6.71,111.16
407,57,6.80,119.08
408,64,6.88,126.99
409,80,6.97,134.91
410,87,7.07,142.88
411,55,7.16,150.80
412,54,7.24,158.71
413,64,7.33,166.63
414,55,6.63,103.31
415,50,6.72,111.23
416,46,6.81,119.14
417,77,6.89,127.05
418,51,6.98,134.97
419,48,7.07,142.88
420,49,7.16,150.80
421,50,7.24,158.71
422,59,7.33,166.63
423,55,6.63,102.91
424,59,6.72,110.82
425,62,6.81,118.74
426,56,6.89,126.65
427,65,6.98,134.57
428,49,7.07,142.48
429,54,7.16,150.39
430,49,7.24,158.31
431,60,7.33,166.38
432,55,6.63,103.08
433,54,6.72,111.00
434,77,6.81,118.91
435,67,6.89,126.82
436,63,6.98,134.81
437,55,7.07,142.73
438,61,7.16,150.64
439,63,7.24,158.55
440,60,7.33,166.53
441,56,6.63,103.22
442,52,6.72,111.13
443,54,6.81,119.05
444,74,6.90,126.96
445,62,6.98,134.88
446,56,7.07,142.79
447,51,7.16,150.70
448,61,7.25,158.64
449,54,7.33,166.55
450,51,6.62,103.24
451,51,6.71,111.15
452,56,6.80,119.07
453,53,6.89,126.98
454,50,6.97,134.89
455,51,7.06,142.81
456,53,7.15,150.72
457,52,7.24,158.64
458,85,7.32,166.55
459,89,6.62,103.24
460,74,6.71,111.15
461,74,6.80,119.07
462,67,6.89,126.98
463,62,6.97,134.89
464,69,7.06,142.81
465,56,7.15,150.72
466,59,7.24,158.64
467,52,7.32,166.55
468,56,6.62,103.24
469,57,6.71,111.15
470,51,6.80,119.07
471,53,6.89,126.98
472,60,6.97,134.89
473,61,7.06,142.81
474,51,7.15,150.72
475,51,7.24,158.64
476,54,7.32,166.55
477,53,6.63,103.24
478,55,6.71,111.15
479,51,6.80,119.07
480,53,6.89,126.98
481,50,6.98,134.89
482,53,7.06,142.81
483,56,7.15,150.72
484,52,7.24,158.64
485,101,7.33,166.55
486,62,6.63,103.24
487,55,6.71,111.15
488,57,6.80,119.07
489,60,6.89,126.98
490,69,6.98,134.89
491,61,7.06,142.81
492,53,7.15,150.72
493,53,7.24,158.64
494,51,7.33,166.55
495,57,6.63,103.24
496,53,6.71,111.15
497,52,6.80,119.07
498,52,6.89,126.99
499,52,6.98,134.91
500,58,7.07,142.82
501,48,7.15,150.73
502,47,7.24,158.65
503,52,7.33,166.56
504,69,6.63,103.25
505,52,6.72,111.16
506,152,6.80,119.08
507,105,6.89,126.96
508,75,6.98,134.86
509,104,7.07,142.78
510,79,7.18,150.95
511,62,7.27,158.75
512,62,7.36,166.70
513,66,6.66,103.39
514,64,6.74,111.31
515,51,6.83,119.22
516,53,6.92,127.14
517,49,7.01,135.05
518,53,7.09,142.96
519,51,7.18,150.88
520,52,7.27,158.79
521,54,7.36,166.71
522,57,6.66,103.39
523,62,6.74,111.31
524,51,6.83,119.22
525,56,6.92,127.14
526,59,7.01,135.05
527,59,7.09,142.96
528,56,7.18,150.88
529,57,7.27,158.80
530,60,7.36,166.77
531,77,6.66,103.46
532,61,6.74,111.38
533,69,6.83,119.29
534,55,6.92,127.21
535,56,7.01,135.12
536,52,7.09,143.04
537,53,7.18,150.95
538,53,7.27,158.86
539,63,7.36,166.78
540,81,6.66,103.46
541,52,6.75,111.38
542,52,6.83,119.29
543,51,6.92,127.21
544,61,7.01,135.12
545,54,7.10,143.04
546,52,7.18,150.95
547,50,7.27,158.86
548,55,7.36,166.79
549,60,6.66,103.49
550,53,6.75,111.41
551,49,6.83,119.32
552,59,6.92,127.23
553,48,7.01,135.15
554,58,7.10,143.06
555,55,7.19,150.98
556,50,7.28,158.89
557,54,7.36,166.80
558,59,6.66,103.49
559,52,6.75,111.41
560,51,6.84,119.32
561,51,6.92,127.23
562,53,7.01,135.15
563,58,7.10,143.06
564,54,7.19,150.98
565,53,7.27,158.89
566,53,7.36,166.80
567,54,6.66,103.49
568,52,6.75,111.41
569,48,6.84,119.32
570,55,6.92,127.23
571,50,7.01,135.15
572,63,7.10,143.06
573,51,7.19,150.98
574,50,7.28,158.89
575,51,7.37,166.80
576,54,6.67,103.55
577,55,6.75,111.47
578,48,6.84,119.38
579,52,6.93,127.30
580,51,7.02,135.21
581,53,7.10,143.13
582,62,7.19,151.04
583,53,7.28,158.95
584,58,7.37,166.87
585,58,6.67,103.56
586,54,6.75,111.48
587,51,6.84,119.39
588,53,6.93,127.30
589,52,7.02,135.22
590,53,7.10,143.13
591,63,7.19,151.05
592,56,7.28,158.96
593,60,7.37,166.88
594,132,6.67,103.56
595,97,6.75,111.48
596,93,6.84,119.39
597,110,6.93,127.30
598,61,7.02,135.22
599,51,7.10,143.13
600,73,7.21,151.05
601,73,7.29,158.96
602,65,7.38,166.88
603,62,6.68,103.57
604,76,6.77,111.48
605,69,6.85,119.39
606,69,6.96,127.18
607,52,7.05,135.09
608,85,7.14,143.01
609,50,7.22,150.92
610,51,7.31,158.84
611,54,7.40,166.78
612,76,6.70,103.48
613,55,6.79,111.39
614,53,6.87,119.30
615,54,6.96,127.22
616,58,7.05,135.13
617,53,7.14,143.05
618,58,7.22,150.96
619,55,7.31,158.88
620,59,7.40,166.79
621,70,6.70,103.48
622,53,6.79,111.39
623,57,6.88,119.31
624,50,6.96,127.22
625,59,7.05,135.14
626,51,7.14,143.05
627,121,7.22,150.97
628,74,7.31,158.88
629,63,7.40,166.80
630,60,6.70,103.48
631,63,6.79,111.40
632,64,6.88,119.31
633,48,6.96,127.23
634,49,7.05,135.14
635,50,7.14,143.05
636,53,7.23,150.97
637,57,7.31,158.88
638,53,7.40,166.80
639,57,6.70,103.48
640,53,6.79,111.40
641,50,6.88,119.31
642,57,6.96,127.23
643,53,7.05,135.14
644,51,7.14,143.05
645,50,7.23,150.97
646,52,7.31,158.88
647,58,7.40,166.80
648,53,6.69,103.48
649,55,6.78,111.40
650,53,6.87,119.31
651,59,6.96,127.23
652,49,7.04,135.14
653,50,7.13,143.05
654,50,7.22,150.97
655,50,7.30,158.88
656,58,7.39,166.80
657,52,6.69,103.04
658,54,6.78,110.96
659,52,6.87,118.87
660,50,6.95,126.79
661,61,7.04,134.70
662,51,7.13,142.61
663,51,7.22,150.53
664,52,7.30,158.44
665,57,7.39,166.45
666,54,6.69,103.13
667,53,6.78,111.05
668,54,6.87,118.96
669,55,6.96,126.88
670,54,7.04,134.79
671,52,7.13,142.70
672,54,7.22,150.62
673,54,7.30,158.53
674,54,7.39,166.45
675,65,6.69,103.14
676,53,6.78,111.05
677,56,6.87,118.96
678,53,6.96,126.88
679,58,7.04,134.79
680,52,7.13,142.71
681,53,7.22,150.62
682,57,7.31,158.54
683,56,7.39,166.45
684,56,6.70,103.14
685,55,6.78,111.05
686,54,6.87,118.96
687,54,6.96,126.88
688,58,7.04,134.79
689,55,7.13,142.71
690,69,7.22,150.63
691,63,7.31,158.54
692,89,7.39,166.45
693,75,6.70,103.14
694,55,6.78,111.06
695,56,6.87,118.97
696,67,6.96,126.89
697,60,7.05,134.80
698,65,7.13,142.71
699,58,7.22,150.63
700,64,7.31,158.54
701,57,7.39,166.46
702,58,6.70,103.14
703,52,6.78,111.06
704,58,6.87,118.97
705,123,6.96,126.89
706,47,7.05,134.80
707,49,7.13,142.71
708,55,7.22,150.63
709,51,7.31,158.54
710,54,7.39,166.46
711,57,6.70,103.14
712,59,6.79,111.06
713,55,6.87,118.97
714,54,6.96,126.89
715,49,7.05,134.80
716,53,7.13,142.71
717,53,7.22,150.63
718,50,7.31,158.54
719,57,7.40,166.46
720,60,6.70,103.14
721,65,6.79,111.06
722,61,6.87,118.97
723,53,6.96,126.89
724,55,7.05,134.80
725,52,7.13,142.71
726,58,7.22,150.63
727,52,7.31,158.54
728,55,7.40,166.46
729,58,6.70,103.14
730,54,6.79,111.06
731,57,6.87,118.97
732,52,6.96,126.89
733,52,7.05,134.80
734,62,7.14,142.72
735,56,7.22,150.63
736,53,7.31,158.55
737,53,7.40,166.46
738,54,6.70,103.15
739,53,6.79,111.06
740,62,6.87,118.98
741,66,6.96,126.89
742,51,7.05,134.80
743,51,7.14,142.72
744,55,7.22,150.63
745,53,7.31,158.55
746,55,7.40,166.46
747,52,6.70,103.15
748,59,6.79,111.06
749,69,6.88,118.98
750,68,6.96,126.89
751,67,7.05,134.80
752,53,7.14,142.72
753,65,7.22,150.63
754,84,7.31,158.55
755,60,7.40,166.46
756,53,6.70,103.15
757,54,6.79,111.06
758,52,6.88,118.98
759,48,6.96,126.89
760,57,7.05,134.80
761,64,7.14,142.72
762,58,7.23,150.63
763,53,7.31,158.55
764,57,7.40,166.48
765,56,6.70,103.16
766,55,6.79,111.08
767,49,6.88,118.99
768,51,6.96,126.91
769,52,7.05,134.82
770,55,7.14,142.73
771,51,7.23,150.65
772,52,7.31,158.56
773,51,7.40,166.48
774,55,6.70,103.16
775,54,6.79,111.08
776,49,6.88,118.99
777,55,6.96,126.91
778,51,7.05,134.82
779,52,7.14,142.74
780,55,7.23,150.65
781,50,7.31,158.57
782,56,7.40,166.55
783,62,6.70,103.23
784,57,6.79,111.15
785,153,6.88,119.06
786,114,6.97,126.98
787,75,7.05,134.89
788,98,7.14,142.80
789,53,7.23,150.72
790,65,7.31,158.63
791,75,7.40,166.55
792,53,6.70,103.23
793,57,6.79,111.15
794,57,6.88,119.06
795,57,6.97,126.98
796,55,7.05,134.89
797,64,7.14,142.80
798,57,7.23,150.72
799,62,7.32,158.63
800,61,7.42,166.55
801,65,6.72,103.24
802,60,6.80,111.16
803,54,6.89,119.07
804,56,6.98,126.98
805,57,7.07,134.90
806,58,7.15,142.81
807,53,7.24,150.73
808,51,7.33,158.64
809,50,7.41,166.55
810,51,6.72,103.24
811,63,6.80,111.16
812,71,6.89,119.07
813,53,6.98,126.98
814,52,7.07,134.90
815,58,7.15,142.81
816,53,7.24,150.73
817,55,7.33,158.64
818,53,7.41,166.55
819,53,6.72,103.24
820,63,6.80,111.16
821,53,6.89,119.07
822,64,6.98,126.98
823,56,7.07,134.90
824,56,7.15,142.81
825,50,7.24,150.73
826,52,7.33,158.64
827,54,7.42,166.55
828,66,6.72,103.24
829,87,6.81,111.16
830,79,6.89,119.07
831,77,6.98,126.98
832,67,7.07,134.90
833,67,7.15,142.81
834,54,7.24,150.73
835,53,7.33,158.64
836,65,7.42,166.55
837,55,6.72,103.24
838,52,6.81,111.16
839,55,6.89,119.07
840,72,6.98,126.98
841,51,7.07,134.90
842,52,7.16,142.82
843,48,7.24,150.73
844,51,7.33,158.64
845,62,7.42,166.56
846,56,6.71,103.25
847,54,6.80,111.16
848,50,6.88,119.07
849,55,6.98,126.99
850,57,7.07,134.90
851,55,7.16,142.82
852,57,7.24,150.73
853,54,7.33,158.64
854,60,7.42,166.56
855,58,6.71,103.26
856,56,6.80,111.17
857,58,6.89,119.09
858,54,6.97,127.00
859,57,7.06,134.91
860,50,7.15,142.83
861,51,7.24,150.74
862,55,7.32,158.66
863,62,7.41,166.57
864,58,6.71,103.26
865,55,6.80,111.17
866,57,6.89,119.09
867,52,6.98,127.00
868,58,7.06,134.91
869,52,7.15,142.83
870,50,7.24,150.74
871,56,7.32,158.66
872,70,7.41,166.57
873,55,6.71,103.26
874,56,6.80,111.17
875,53,6.89,119.09
876,53,6.98,127.00
877,52,7.06,134.91
878,54,7.16,142.83
879,47,7.25,150.74
880,56,7.34,158.66
881,66,7.42,166.57
882,62,6.72,103.27
883,67,6.81,111.18
884,55,6.89,119.10
885,58,6.98,127.01
886,56,7.07,134.99
887,53,7.16,142.90
888,54,7.24,150.82
889,53,7.33,158.73
890,63,7.42,166.64
891,57,6.72,103.33
892,54,6.81,111.25
893,52,6.89,119.16
894,52,6.98,127.07
895,58,7.07,134.99
896,51,7.16,142.90
897,49,7.24,150.82
898,51,7.33,158.73
899,57,7.42,166.64
900,52,6.72,103.33
901,52,6.81,111.25
902,52,6.90,119.16
903,51,6.98,127.07
904,63,7.07,134.99
905,55,7.16,142.90
906,51,7.24,150.82
907,54,7.33,158.73
908,59,7.42,166.64
909,58,6.72,103.33
910,55,6.81,111.25
911,55,6.90,119.16
912,52,6.98,127.07
913,63,7.07,134.99
914,56,7.16,142.90
915,49,7.24,150.82
916,55,7.33,158.73
917,58,7.42,166.64
918,57,6.72,103.33
919,52,6.81,111.25
920,54,6.90,119.16
921,50,6.98,127.07
922,63,7.07,134.99
923,52,7.16,142.90
924,54,7.25,150.82
925,56,7.33,158.73
926,53,7.42,166.64
927,57,6.72,103.33
928,56,6.81,111.25
929,53,6.90,119.16
930,53,6.98,127.07
931,56,7.07,134.99
932,54,7.16,142.90
933,54,7.25,150.82
934,61,7.33,158.73
935,60,7.42,166.64
936,68,6.72,103.33
937,59,6.81,111.25
938,56,6.90,119.16
939,54,6.99,127.07
940,61,7.07,134.99
941,51,7.16,142.90
942,53,7.25,150.82
943,56,7.33,158.73
944,60,7.42,166.64
945,60,6.72,103.33
946,53,6.81,111.25
947,53,6.90,119.16
948,50,6.99,127.07
949,58,7.07,134.99
950,49,7.16,142.90
951,52,7.25,150.82
952,66,7.33,158.73
953,52,7.42,166.64
954,61,6.73,103.33
955,53,6.81,111.25
956,53,6.90,119.16
957,53,6.99,127.07
958,62,7.07,134.99
959,55,7.16,142.90
960,51,7.25,150.82
961,52,7.34,158.73
962,54,7.42,166.66
963,60,6.73,103.35
964,51,6.81,111.26
965,52,6.90,119.18
966,50,6.99,127.09
967,62,7.07,135.00
968,51,7.16,142.92
969,50,7.25,150.83
970,51,7.34,158.75
971,55,7.42,166.66
972,64,6.73,103.35
973,52,6.81,111.26
974,53,6.90,119.18
975,56,6.99,127.09
976,53,7.08,135.00
977,62,7.16,142.92
978,53,7.25,150.83
979,51,7.34,158.75
980,52,7.42,166.66
981,60,6.73,103.35
982,52,6.81,111.26
983,51,6.90,119.18
984,51,6.99,127.09
985,51,7.08,135.00
986,62,7.16,142.92
987,59,7.25,150.83
988,54,7.34,158.75
989,61,7.43,166.66
990,63,6.73,103.35
991,52,6.82,111.26
992,57,6.90,119.18
993,53,6.99,127.09
994,54,7.08,135.00
995,62,7.16,142.92
996,56,7.25,150.83
997,52,7.34,158.75
998,53,7.43,166.70
999,64,6.73,103.45